{
  "project_info": {
    "project_number": "223543673448",
    "project_id": "cargalleria-f55a2",
    "storage_bucket": "cargalleria-f55a2.appspot.com"
  },
  "client": [
    {
      "client_info": {
        "mobilesdk_app_id": "1:223543673448:android:72f64fb9a9ced97258b1dd",
        "android_client_info": {
          "package_name": "com.example.cargalleria"
        }
      },
      "oauth_client": [],
      "api_key": [
        {
          "current_key": "AIzaSyAJVvaNLiF3zOvlP_85Ceew35_9ZnHgjlY"
        }
      ],
      "services": {
        "appinvite_service": {
          "other_platform_oauth_client": []
        }
      }
    }
  ],
  "configuration_version": "1"
}